_time,host,anomaly_score,model,source
2025-07-20 18:00:00,server04,0.84,one_class_svm,anomaly_detect.py
2025-07-20 18:01:00,server04,0.85,autoencoder,model_scoring.py
2025-07-20 18:02:00,db01,0.92,autoencoder,anomaly_detect.py
2025-07-20 18:03:00,server01,0.47,autoencoder,anomaly_detect.py
2025-07-20 18:04:00,db01,0.41,autoencoder,anomaly_detect.py
2025-07-20 18:05:00,server03,0.43,one_class_svm,model_scoring.py
2025-07-20 18:06:00,app01,0.84,isolation_forest,model_scoring.py
2025-07-20 18:07:00,server02,0.63,autoencoder,model_scoring.py
2025-07-20 18:08:00,app01,0.78,autoencoder,anomaly_detect.py
2025-07-20 18:09:00,server01,0.37,one_class_svm,model_scoring.py
2025-07-20 18:10:00,server01,0.54,one_class_svm,anomaly_detect.py
2025-07-20 18:11:00,db01,0.46,one_class_svm,ml_pipeline.py
2025-07-20 18:12:00,server04,0.59,autoencoder,anomaly_detect.py
2025-07-20 18:13:00,server02,0.32,autoencoder,model_scoring.py
2025-07-20 18:14:00,db01,0.32,isolation_forest,anomaly_detect.py
2025-07-20 18:15:00,app01,0.52,one_class_svm,ml_pipeline.py
2025-07-20 18:16:00,app01,0.8,isolation_forest,ml_pipeline.py
2025-07-20 18:17:00,server04,0.5,autoencoder,ml_pipeline.py
2025-07-20 18:18:00,db01,0.35,isolation_forest,model_scoring.py
2025-07-20 18:19:00,server03,0.31,one_class_svm,anomaly_detect.py
2025-07-20 18:20:00,db01,0.34,one_class_svm,model_scoring.py
2025-07-20 18:21:00,db01,0.99,one_class_svm,ml_pipeline.py
2025-07-20 18:22:00,server02,0.76,isolation_forest,ml_pipeline.py
2025-07-20 18:23:00,server02,0.6,autoencoder,model_scoring.py
2025-07-20 18:24:00,server01,0.44,autoencoder,model_scoring.py
2025-07-20 18:25:00,db01,0.47,autoencoder,ml_pipeline.py
2025-07-20 18:26:00,server04,0.24,one_class_svm,ml_pipeline.py
2025-07-20 18:27:00,server04,0.92,autoencoder,anomaly_detect.py
2025-07-20 18:28:00,app01,0.4,one_class_svm,ml_pipeline.py
2025-07-20 18:29:00,server04,0.57,isolation_forest,model_scoring.py
2025-07-20 18:30:00,server02,0.54,isolation_forest,anomaly_detect.py
2025-07-20 18:31:00,server03,0.94,autoencoder,ml_pipeline.py
2025-07-20 18:32:00,server01,0.69,autoencoder,model_scoring.py
2025-07-20 18:33:00,app01,0.64,one_class_svm,anomaly_detect.py
2025-07-20 18:34:00,server03,0.87,one_class_svm,model_scoring.py
2025-07-20 18:35:00,server04,0.57,isolation_forest,anomaly_detect.py
2025-07-20 18:36:00,server04,0.54,isolation_forest,model_scoring.py
2025-07-20 18:37:00,app01,0.26,isolation_forest,model_scoring.py
2025-07-20 18:38:00,server02,0.99,isolation_forest,anomaly_detect.py
2025-07-20 18:39:00,server04,0.7,autoencoder,model_scoring.py
2025-07-20 18:40:00,db01,0.21,autoencoder,ml_pipeline.py
2025-07-20 18:41:00,server03,0.6,one_class_svm,model_scoring.py
2025-07-20 18:42:00,server01,0.92,one_class_svm,anomaly_detect.py
2025-07-20 18:43:00,server03,0.77,one_class_svm,model_scoring.py
2025-07-20 18:44:00,server02,0.67,one_class_svm,ml_pipeline.py
2025-07-20 18:45:00,db01,0.42,autoencoder,anomaly_detect.py
2025-07-20 18:46:00,server02,0.69,isolation_forest,ml_pipeline.py
2025-07-20 18:47:00,server01,0.75,autoencoder,ml_pipeline.py
2025-07-20 18:48:00,server02,0.66,one_class_svm,model_scoring.py
2025-07-20 18:49:00,server04,0.34,isolation_forest,ml_pipeline.py
2025-07-20 18:50:00,db01,0.32,autoencoder,model_scoring.py
2025-07-20 18:51:00,server01,0.77,isolation_forest,model_scoring.py
2025-07-20 18:52:00,db01,0.89,autoencoder,ml_pipeline.py
2025-07-20 18:53:00,app01,0.88,one_class_svm,anomaly_detect.py
2025-07-20 18:54:00,server01,0.38,one_class_svm,model_scoring.py
2025-07-20 18:55:00,app01,0.85,isolation_forest,ml_pipeline.py
2025-07-20 18:56:00,server03,0.21,isolation_forest,ml_pipeline.py
2025-07-20 18:57:00,server01,0.33,one_class_svm,ml_pipeline.py
2025-07-20 18:58:00,server04,0.75,one_class_svm,model_scoring.py
2025-07-20 18:59:00,app01,0.35,autoencoder,ml_pipeline.py
2025-07-20 19:00:00,server01,0.65,autoencoder,ml_pipeline.py
2025-07-20 19:01:00,db01,0.82,autoencoder,anomaly_detect.py
2025-07-20 19:02:00,server04,0.34,one_class_svm,anomaly_detect.py
2025-07-20 19:03:00,server04,0.59,isolation_forest,ml_pipeline.py
2025-07-20 19:04:00,server02,0.9,one_class_svm,anomaly_detect.py
2025-07-20 19:05:00,db01,0.75,isolation_forest,ml_pipeline.py
2025-07-20 19:06:00,app01,0.32,isolation_forest,ml_pipeline.py
2025-07-20 19:07:00,server03,0.98,isolation_forest,model_scoring.py
2025-07-20 19:08:00,db01,0.46,autoencoder,anomaly_detect.py
2025-07-20 19:09:00,app01,0.2,isolation_forest,model_scoring.py
2025-07-20 19:10:00,db01,0.37,autoencoder,anomaly_detect.py
2025-07-20 19:11:00,db01,0.8,isolation_forest,model_scoring.py
2025-07-20 19:12:00,server04,0.93,one_class_svm,anomaly_detect.py
2025-07-20 19:13:00,server03,0.73,one_class_svm,anomaly_detect.py
2025-07-20 19:14:00,server03,0.25,isolation_forest,model_scoring.py
2025-07-20 19:15:00,server01,0.36,autoencoder,model_scoring.py
2025-07-20 19:16:00,server04,0.62,autoencoder,ml_pipeline.py
2025-07-20 19:17:00,server03,0.64,one_class_svm,model_scoring.py
2025-07-20 19:18:00,app01,0.5,one_class_svm,anomaly_detect.py
2025-07-20 19:19:00,server01,0.66,one_class_svm,anomaly_detect.py
2025-07-20 19:20:00,server02,0.56,autoencoder,model_scoring.py
2025-07-20 19:21:00,db01,0.91,isolation_forest,anomaly_detect.py
2025-07-20 19:22:00,server04,0.36,one_class_svm,ml_pipeline.py
2025-07-20 19:23:00,server04,0.63,one_class_svm,ml_pipeline.py
2025-07-20 19:24:00,server04,0.77,isolation_forest,model_scoring.py
2025-07-20 19:25:00,app01,0.76,isolation_forest,ml_pipeline.py
2025-07-20 19:26:00,app01,0.23,one_class_svm,model_scoring.py
2025-07-20 19:27:00,app01,0.96,autoencoder,ml_pipeline.py
2025-07-20 19:28:00,server01,0.87,autoencoder,anomaly_detect.py
2025-07-20 19:29:00,server02,0.32,one_class_svm,model_scoring.py
2025-07-20 19:30:00,server01,0.67,one_class_svm,model_scoring.py
2025-07-20 19:31:00,server02,0.76,isolation_forest,anomaly_detect.py
2025-07-20 19:32:00,server02,0.8,one_class_svm,anomaly_detect.py
2025-07-20 19:33:00,server01,0.76,autoencoder,anomaly_detect.py
2025-07-20 19:34:00,server01,0.36,one_class_svm,ml_pipeline.py
2025-07-20 19:35:00,server02,0.81,autoencoder,model_scoring.py
2025-07-20 19:36:00,server03,0.27,isolation_forest,ml_pipeline.py
2025-07-20 19:37:00,server01,0.6,autoencoder,ml_pipeline.py
2025-07-20 19:38:00,app01,0.46,one_class_svm,ml_pipeline.py
2025-07-20 19:39:00,server01,0.52,isolation_forest,ml_pipeline.py
2025-07-20 19:40:00,db01,0.31,isolation_forest,model_scoring.py
2025-07-20 19:41:00,db01,0.3,isolation_forest,model_scoring.py
2025-07-20 19:42:00,server04,0.65,isolation_forest,anomaly_detect.py
2025-07-20 19:43:00,server01,0.49,isolation_forest,anomaly_detect.py
2025-07-20 19:44:00,server04,0.76,one_class_svm,model_scoring.py
2025-07-20 19:45:00,app01,0.98,autoencoder,ml_pipeline.py
2025-07-20 19:46:00,server03,0.59,autoencoder,model_scoring.py
2025-07-20 19:47:00,server03,0.95,autoencoder,model_scoring.py
2025-07-20 19:48:00,db01,0.61,one_class_svm,anomaly_detect.py
2025-07-20 19:49:00,server03,0.56,one_class_svm,anomaly_detect.py
2025-07-20 19:50:00,server02,0.39,autoencoder,model_scoring.py
2025-07-20 19:51:00,db01,0.64,autoencoder,anomaly_detect.py
2025-07-20 19:52:00,db01,0.88,isolation_forest,ml_pipeline.py
2025-07-20 19:53:00,server03,0.87,one_class_svm,model_scoring.py
2025-07-20 19:54:00,server04,0.84,one_class_svm,model_scoring.py
2025-07-20 19:55:00,server01,0.54,isolation_forest,anomaly_detect.py
2025-07-20 19:56:00,server04,0.37,autoencoder,anomaly_detect.py
2025-07-20 19:57:00,server04,0.53,autoencoder,model_scoring.py
2025-07-20 19:58:00,server03,0.6,autoencoder,ml_pipeline.py
2025-07-20 19:59:00,server02,0.28,isolation_forest,ml_pipeline.py
2025-07-20 20:00:00,db01,0.83,isolation_forest,anomaly_detect.py
2025-07-20 20:01:00,server01,0.99,autoencoder,ml_pipeline.py
2025-07-20 20:02:00,server03,0.34,one_class_svm,anomaly_detect.py
2025-07-20 20:03:00,db01,0.87,autoencoder,model_scoring.py
2025-07-20 20:04:00,server03,0.36,isolation_forest,ml_pipeline.py
2025-07-20 20:05:00,db01,0.56,one_class_svm,model_scoring.py
2025-07-20 20:06:00,server03,0.43,autoencoder,anomaly_detect.py
2025-07-20 20:07:00,server04,0.96,one_class_svm,model_scoring.py
2025-07-20 20:08:00,app01,0.25,autoencoder,model_scoring.py
2025-07-20 20:09:00,server04,0.74,autoencoder,anomaly_detect.py
2025-07-20 20:10:00,server02,0.65,one_class_svm,model_scoring.py
2025-07-20 20:11:00,server01,0.47,isolation_forest,ml_pipeline.py
2025-07-20 20:12:00,db01,0.43,autoencoder,anomaly_detect.py
2025-07-20 20:13:00,app01,0.63,autoencoder,anomaly_detect.py
2025-07-20 20:14:00,server04,0.85,autoencoder,ml_pipeline.py
2025-07-20 20:15:00,app01,0.37,autoencoder,anomaly_detect.py
2025-07-20 20:16:00,server03,0.7,one_class_svm,anomaly_detect.py
2025-07-20 20:17:00,db01,0.8,isolation_forest,anomaly_detect.py
2025-07-20 20:18:00,db01,0.47,isolation_forest,ml_pipeline.py
2025-07-20 20:19:00,app01,0.2,isolation_forest,model_scoring.py
2025-07-20 20:20:00,db01,0.28,isolation_forest,model_scoring.py
2025-07-20 20:21:00,app01,0.81,one_class_svm,anomaly_detect.py
2025-07-20 20:22:00,app01,0.58,one_class_svm,anomaly_detect.py
2025-07-20 20:23:00,server02,0.85,autoencoder,model_scoring.py
2025-07-20 20:24:00,server03,0.87,isolation_forest,anomaly_detect.py
2025-07-20 20:25:00,server01,0.91,autoencoder,ml_pipeline.py
2025-07-20 20:26:00,server02,0.56,autoencoder,anomaly_detect.py
2025-07-20 20:27:00,server01,0.96,one_class_svm,model_scoring.py
2025-07-20 20:28:00,server01,0.53,autoencoder,model_scoring.py
2025-07-20 20:29:00,db01,0.43,isolation_forest,model_scoring.py
2025-07-20 20:30:00,server01,0.91,isolation_forest,ml_pipeline.py
2025-07-20 20:31:00,server01,0.46,isolation_forest,anomaly_detect.py
2025-07-20 20:32:00,server04,0.87,one_class_svm,ml_pipeline.py
2025-07-20 20:33:00,server03,0.31,isolation_forest,ml_pipeline.py
2025-07-20 20:34:00,server03,0.75,one_class_svm,anomaly_detect.py
2025-07-20 20:35:00,server03,0.9,autoencoder,anomaly_detect.py
2025-07-20 20:36:00,server04,0.36,isolation_forest,anomaly_detect.py
2025-07-20 20:37:00,app01,0.21,autoencoder,ml_pipeline.py
2025-07-20 20:38:00,server04,0.52,autoencoder,anomaly_detect.py
2025-07-20 20:39:00,app01,0.69,autoencoder,ml_pipeline.py
2025-07-20 20:40:00,server01,0.73,one_class_svm,anomaly_detect.py
2025-07-20 20:41:00,server02,0.79,autoencoder,model_scoring.py
2025-07-20 20:42:00,server03,0.66,autoencoder,ml_pipeline.py
2025-07-20 20:43:00,server03,0.52,one_class_svm,ml_pipeline.py
2025-07-20 20:44:00,server02,0.67,one_class_svm,anomaly_detect.py
2025-07-20 20:45:00,server01,0.64,isolation_forest,ml_pipeline.py
2025-07-20 20:46:00,app01,0.92,isolation_forest,anomaly_detect.py
2025-07-20 20:47:00,server04,0.74,autoencoder,anomaly_detect.py
2025-07-20 20:48:00,server03,0.41,one_class_svm,model_scoring.py
2025-07-20 20:49:00,server03,0.95,autoencoder,ml_pipeline.py
2025-07-20 20:50:00,server02,0.84,one_class_svm,ml_pipeline.py
2025-07-20 20:51:00,server04,0.99,autoencoder,model_scoring.py
2025-07-20 20:52:00,server02,0.36,isolation_forest,anomaly_detect.py
2025-07-20 20:53:00,app01,0.53,one_class_svm,ml_pipeline.py
2025-07-20 20:54:00,server03,0.65,autoencoder,anomaly_detect.py
2025-07-20 20:55:00,server01,0.3,autoencoder,model_scoring.py
2025-07-20 20:56:00,db01,0.85,one_class_svm,model_scoring.py
2025-07-20 20:57:00,server01,0.85,isolation_forest,model_scoring.py
2025-07-20 20:58:00,server03,0.76,autoencoder,ml_pipeline.py
2025-07-20 20:59:00,server04,0.53,autoencoder,ml_pipeline.py
2025-07-20 21:00:00,app01,0.29,one_class_svm,model_scoring.py
2025-07-20 21:01:00,server04,0.85,one_class_svm,ml_pipeline.py
2025-07-20 21:02:00,server03,0.68,one_class_svm,ml_pipeline.py
2025-07-20 21:03:00,server02,0.8,isolation_forest,anomaly_detect.py
2025-07-20 21:04:00,db01,0.9,isolation_forest,ml_pipeline.py
2025-07-20 21:05:00,db01,0.53,autoencoder,model_scoring.py
2025-07-20 21:06:00,app01,0.39,one_class_svm,anomaly_detect.py
2025-07-20 21:07:00,server02,0.39,one_class_svm,anomaly_detect.py
2025-07-20 21:08:00,server03,0.94,one_class_svm,model_scoring.py
2025-07-20 21:09:00,app01,0.48,autoencoder,ml_pipeline.py
2025-07-20 21:10:00,server01,0.44,one_class_svm,model_scoring.py
2025-07-20 21:11:00,server04,0.33,autoencoder,ml_pipeline.py
2025-07-20 21:12:00,server02,0.24,isolation_forest,model_scoring.py
2025-07-20 21:13:00,app01,0.45,isolation_forest,model_scoring.py
2025-07-20 21:14:00,app01,0.37,autoencoder,ml_pipeline.py
2025-07-20 21:15:00,server03,0.4,autoencoder,ml_pipeline.py
2025-07-20 21:16:00,server01,0.54,one_class_svm,ml_pipeline.py
2025-07-20 21:17:00,db01,0.38,isolation_forest,ml_pipeline.py
2025-07-20 21:18:00,server03,0.94,one_class_svm,anomaly_detect.py
2025-07-20 21:19:00,db01,0.69,autoencoder,anomaly_detect.py
2025-07-20 21:20:00,server02,0.63,one_class_svm,model_scoring.py
2025-07-20 21:21:00,app01,0.42,autoencoder,anomaly_detect.py
2025-07-20 21:22:00,server04,0.37,autoencoder,model_scoring.py
2025-07-20 21:23:00,server02,0.37,one_class_svm,anomaly_detect.py
2025-07-20 21:24:00,server04,0.72,autoencoder,ml_pipeline.py
2025-07-20 21:25:00,server04,0.9,isolation_forest,anomaly_detect.py
2025-07-20 21:26:00,server02,0.38,autoencoder,model_scoring.py
2025-07-20 21:27:00,server01,0.8,one_class_svm,anomaly_detect.py
2025-07-20 21:28:00,db01,0.36,isolation_forest,model_scoring.py
2025-07-20 21:29:00,db01,0.49,autoencoder,anomaly_detect.py
2025-07-20 21:30:00,server01,0.27,autoencoder,model_scoring.py
2025-07-20 21:31:00,app01,0.45,one_class_svm,model_scoring.py
2025-07-20 21:32:00,db01,0.6,isolation_forest,anomaly_detect.py
2025-07-20 21:33:00,server01,0.31,autoencoder,anomaly_detect.py
2025-07-20 21:34:00,server03,0.24,isolation_forest,ml_pipeline.py
2025-07-20 21:35:00,server02,0.63,one_class_svm,anomaly_detect.py
2025-07-20 21:36:00,app01,0.42,isolation_forest,anomaly_detect.py
2025-07-20 21:37:00,server03,0.87,isolation_forest,anomaly_detect.py
2025-07-20 21:38:00,server02,0.82,one_class_svm,anomaly_detect.py
2025-07-20 21:39:00,server01,0.36,one_class_svm,ml_pipeline.py
2025-07-20 21:40:00,server04,0.47,isolation_forest,model_scoring.py
2025-07-20 21:41:00,server01,0.44,one_class_svm,ml_pipeline.py
2025-07-20 21:42:00,server04,0.51,one_class_svm,ml_pipeline.py
2025-07-20 21:43:00,server02,0.49,autoencoder,anomaly_detect.py
2025-07-20 21:44:00,db01,0.59,autoencoder,ml_pipeline.py
2025-07-20 21:45:00,db01,0.39,autoencoder,ml_pipeline.py
2025-07-20 21:46:00,server03,0.36,isolation_forest,model_scoring.py
2025-07-20 21:47:00,db01,0.67,isolation_forest,model_scoring.py
2025-07-20 21:48:00,server02,0.88,one_class_svm,anomaly_detect.py
2025-07-20 21:49:00,app01,0.92,isolation_forest,ml_pipeline.py
2025-07-20 21:50:00,server02,0.55,autoencoder,anomaly_detect.py
2025-07-20 21:51:00,server01,0.73,isolation_forest,anomaly_detect.py
2025-07-20 21:52:00,app01,0.29,isolation_forest,anomaly_detect.py
2025-07-20 21:53:00,server03,0.57,one_class_svm,anomaly_detect.py
2025-07-20 21:54:00,db01,0.63,autoencoder,model_scoring.py
2025-07-20 21:55:00,server01,0.36,one_class_svm,ml_pipeline.py
2025-07-20 21:56:00,server02,0.34,autoencoder,anomaly_detect.py
2025-07-20 21:57:00,server03,0.45,one_class_svm,ml_pipeline.py
2025-07-20 21:58:00,server03,0.32,one_class_svm,model_scoring.py
2025-07-20 21:59:00,server01,0.48,autoencoder,anomaly_detect.py
2025-07-20 22:00:00,server01,0.67,autoencoder,model_scoring.py
2025-07-20 22:01:00,server04,0.98,isolation_forest,ml_pipeline.py
2025-07-20 22:02:00,server03,0.54,one_class_svm,model_scoring.py
2025-07-20 22:03:00,db01,0.26,one_class_svm,ml_pipeline.py
2025-07-20 22:04:00,server03,0.25,isolation_forest,ml_pipeline.py
2025-07-20 22:05:00,db01,0.55,one_class_svm,model_scoring.py
2025-07-20 22:06:00,server02,0.59,isolation_forest,ml_pipeline.py
2025-07-20 22:07:00,db01,0.82,isolation_forest,ml_pipeline.py
2025-07-20 22:08:00,server04,0.47,one_class_svm,anomaly_detect.py
2025-07-20 22:09:00,server04,0.39,one_class_svm,model_scoring.py
2025-07-20 22:10:00,db01,0.46,one_class_svm,model_scoring.py
2025-07-20 22:11:00,db01,0.6,isolation_forest,anomaly_detect.py
2025-07-20 22:12:00,app01,0.73,one_class_svm,anomaly_detect.py
2025-07-20 22:13:00,server01,0.48,autoencoder,model_scoring.py
2025-07-20 22:14:00,server01,0.37,autoencoder,model_scoring.py
2025-07-20 22:15:00,server01,0.83,isolation_forest,anomaly_detect.py
2025-07-20 22:16:00,app01,0.64,one_class_svm,anomaly_detect.py
2025-07-20 22:17:00,server02,0.71,autoencoder,model_scoring.py
2025-07-20 22:18:00,server03,0.33,one_class_svm,ml_pipeline.py
2025-07-20 22:19:00,app01,0.72,autoencoder,model_scoring.py
2025-07-20 22:20:00,app01,0.76,one_class_svm,model_scoring.py
2025-07-20 22:21:00,server01,0.21,autoencoder,model_scoring.py
2025-07-20 22:22:00,server03,0.26,one_class_svm,ml_pipeline.py
2025-07-20 22:23:00,server02,0.61,one_class_svm,anomaly_detect.py
2025-07-20 22:24:00,app01,0.54,autoencoder,model_scoring.py
2025-07-20 22:25:00,db01,0.61,one_class_svm,ml_pipeline.py
2025-07-20 22:26:00,db01,0.44,autoencoder,anomaly_detect.py
2025-07-20 22:27:00,server04,0.21,autoencoder,model_scoring.py
2025-07-20 22:28:00,app01,0.7,one_class_svm,anomaly_detect.py
2025-07-20 22:29:00,server02,0.71,one_class_svm,anomaly_detect.py
2025-07-20 22:30:00,db01,0.82,one_class_svm,ml_pipeline.py
2025-07-20 22:31:00,server02,0.84,autoencoder,anomaly_detect.py
2025-07-20 22:32:00,server02,0.41,isolation_forest,ml_pipeline.py
2025-07-20 22:33:00,server02,0.68,isolation_forest,ml_pipeline.py
2025-07-20 22:34:00,db01,0.6,autoencoder,ml_pipeline.py
2025-07-20 22:35:00,server02,0.55,one_class_svm,model_scoring.py
2025-07-20 22:36:00,server01,0.64,isolation_forest,anomaly_detect.py
2025-07-20 22:37:00,server02,0.22,one_class_svm,anomaly_detect.py
2025-07-20 22:38:00,server01,0.81,one_class_svm,ml_pipeline.py
2025-07-20 22:39:00,app01,0.78,isolation_forest,anomaly_detect.py
2025-07-20 22:40:00,server04,0.62,autoencoder,ml_pipeline.py
2025-07-20 22:41:00,server03,0.78,one_class_svm,ml_pipeline.py
2025-07-20 22:42:00,server01,0.85,one_class_svm,model_scoring.py
2025-07-20 22:43:00,app01,0.93,one_class_svm,ml_pipeline.py
2025-07-20 22:44:00,server02,0.39,isolation_forest,ml_pipeline.py
2025-07-20 22:45:00,server03,0.77,autoencoder,ml_pipeline.py
2025-07-20 22:46:00,server02,0.73,autoencoder,model_scoring.py
2025-07-20 22:47:00,server01,0.62,isolation_forest,model_scoring.py
2025-07-20 22:48:00,server02,0.5,one_class_svm,ml_pipeline.py
2025-07-20 22:49:00,server04,0.86,autoencoder,ml_pipeline.py
2025-07-20 22:50:00,server04,0.48,isolation_forest,ml_pipeline.py
2025-07-20 22:51:00,server03,0.64,isolation_forest,ml_pipeline.py
2025-07-20 22:52:00,server01,0.94,isolation_forest,ml_pipeline.py
2025-07-20 22:53:00,server03,0.31,one_class_svm,anomaly_detect.py
2025-07-20 22:54:00,app01,0.86,isolation_forest,anomaly_detect.py
2025-07-20 22:55:00,db01,0.58,isolation_forest,anomaly_detect.py
2025-07-20 22:56:00,db01,0.92,isolation_forest,ml_pipeline.py
2025-07-20 22:57:00,app01,0.45,autoencoder,ml_pipeline.py
2025-07-20 22:58:00,server01,0.44,autoencoder,model_scoring.py
2025-07-20 22:59:00,server03,0.76,autoencoder,anomaly_detect.py
2025-07-20 23:00:00,server02,0.2,one_class_svm,ml_pipeline.py
2025-07-20 23:01:00,db01,0.59,one_class_svm,model_scoring.py
2025-07-20 23:02:00,server04,0.62,one_class_svm,ml_pipeline.py
2025-07-20 23:03:00,server02,0.89,isolation_forest,model_scoring.py
2025-07-20 23:04:00,server02,0.41,autoencoder,anomaly_detect.py
2025-07-20 23:05:00,server01,0.51,one_class_svm,model_scoring.py
2025-07-20 23:06:00,server02,0.69,isolation_forest,model_scoring.py
2025-07-20 23:07:00,server04,0.53,one_class_svm,anomaly_detect.py
2025-07-20 23:08:00,db01,0.85,one_class_svm,anomaly_detect.py
2025-07-20 23:09:00,db01,0.95,isolation_forest,anomaly_detect.py
2025-07-20 23:10:00,server02,0.29,one_class_svm,model_scoring.py
2025-07-20 23:11:00,server02,0.54,one_class_svm,ml_pipeline.py
2025-07-20 23:12:00,app01,0.48,isolation_forest,anomaly_detect.py
2025-07-20 23:13:00,server03,0.44,one_class_svm,ml_pipeline.py
2025-07-20 23:14:00,server01,0.88,autoencoder,anomaly_detect.py
2025-07-20 23:15:00,server03,0.6,autoencoder,model_scoring.py
2025-07-20 23:16:00,db01,0.21,autoencoder,model_scoring.py
2025-07-20 23:17:00,db01,0.96,one_class_svm,model_scoring.py
2025-07-20 23:18:00,server03,0.75,isolation_forest,anomaly_detect.py
2025-07-20 23:19:00,db01,0.52,isolation_forest,model_scoring.py
2025-07-20 23:20:00,server03,0.93,isolation_forest,model_scoring.py
2025-07-20 23:21:00,db01,0.64,one_class_svm,ml_pipeline.py
2025-07-20 23:22:00,server01,0.23,isolation_forest,model_scoring.py
2025-07-20 23:23:00,server01,0.26,one_class_svm,model_scoring.py
2025-07-20 23:24:00,app01,0.91,autoencoder,model_scoring.py
2025-07-20 23:25:00,server04,0.24,autoencoder,model_scoring.py
2025-07-20 23:26:00,server03,0.76,one_class_svm,model_scoring.py
2025-07-20 23:27:00,app01,0.48,isolation_forest,model_scoring.py
2025-07-20 23:28:00,server02,0.8,one_class_svm,anomaly_detect.py
2025-07-20 23:29:00,app01,0.7,autoencoder,anomaly_detect.py
2025-07-20 23:30:00,app01,0.94,one_class_svm,anomaly_detect.py
2025-07-20 23:31:00,db01,0.25,one_class_svm,ml_pipeline.py
2025-07-20 23:32:00,server03,0.91,one_class_svm,anomaly_detect.py
2025-07-20 23:33:00,server02,0.57,autoencoder,model_scoring.py
2025-07-20 23:34:00,server01,0.43,autoencoder,model_scoring.py
2025-07-20 23:35:00,server02,0.39,autoencoder,anomaly_detect.py
2025-07-20 23:36:00,server02,0.73,autoencoder,anomaly_detect.py
2025-07-20 23:37:00,server03,0.84,isolation_forest,ml_pipeline.py
2025-07-20 23:38:00,server04,0.68,autoencoder,ml_pipeline.py
2025-07-20 23:39:00,server01,0.34,autoencoder,anomaly_detect.py
2025-07-20 23:40:00,server03,0.8,isolation_forest,model_scoring.py
2025-07-20 23:41:00,app01,0.89,autoencoder,model_scoring.py
2025-07-20 23:42:00,server01,0.84,autoencoder,anomaly_detect.py
2025-07-20 23:43:00,server02,0.25,one_class_svm,model_scoring.py
2025-07-20 23:44:00,app01,0.67,one_class_svm,ml_pipeline.py
2025-07-20 23:45:00,server03,0.96,autoencoder,ml_pipeline.py
2025-07-20 23:46:00,db01,0.57,one_class_svm,model_scoring.py
2025-07-20 23:47:00,app01,0.28,one_class_svm,anomaly_detect.py
2025-07-20 23:48:00,app01,0.84,one_class_svm,ml_pipeline.py
2025-07-20 23:49:00,server03,0.46,one_class_svm,ml_pipeline.py
2025-07-20 23:50:00,db01,0.71,one_class_svm,model_scoring.py
2025-07-20 23:51:00,server03,0.91,isolation_forest,anomaly_detect.py
2025-07-20 23:52:00,app01,0.9,isolation_forest,model_scoring.py
2025-07-20 23:53:00,server04,0.77,one_class_svm,ml_pipeline.py
2025-07-20 23:54:00,server04,0.85,autoencoder,ml_pipeline.py
2025-07-20 23:55:00,server01,0.8,isolation_forest,ml_pipeline.py
2025-07-20 23:56:00,server03,0.4,autoencoder,ml_pipeline.py
2025-07-20 23:57:00,server04,0.79,autoencoder,anomaly_detect.py
2025-07-20 23:58:00,server01,0.81,isolation_forest,model_scoring.py
2025-07-20 23:59:00,server01,0.4,autoencoder,anomaly_detect.py
2025-07-21 00:00:00,db01,0.77,isolation_forest,model_scoring.py
2025-07-21 00:01:00,server01,0.38,autoencoder,model_scoring.py
2025-07-21 00:02:00,server01,0.46,isolation_forest,model_scoring.py
2025-07-21 00:03:00,server03,0.69,isolation_forest,anomaly_detect.py
2025-07-21 00:04:00,db01,0.74,one_class_svm,anomaly_detect.py
2025-07-21 00:05:00,server03,0.23,isolation_forest,anomaly_detect.py
2025-07-21 00:06:00,server01,0.74,one_class_svm,model_scoring.py
2025-07-21 00:07:00,server03,0.42,autoencoder,anomaly_detect.py
2025-07-21 00:08:00,server02,0.31,autoencoder,anomaly_detect.py
2025-07-21 00:09:00,db01,0.53,isolation_forest,anomaly_detect.py
2025-07-21 00:10:00,server04,0.68,isolation_forest,anomaly_detect.py
2025-07-21 00:11:00,db01,0.61,one_class_svm,anomaly_detect.py
2025-07-21 00:12:00,server03,0.98,isolation_forest,anomaly_detect.py
2025-07-21 00:13:00,app01,0.79,isolation_forest,ml_pipeline.py
2025-07-21 00:14:00,db01,0.62,isolation_forest,ml_pipeline.py
2025-07-21 00:15:00,server01,0.29,autoencoder,anomaly_detect.py
2025-07-21 00:16:00,server02,0.98,one_class_svm,ml_pipeline.py
2025-07-21 00:17:00,db01,0.46,isolation_forest,model_scoring.py
2025-07-21 00:18:00,db01,0.44,isolation_forest,model_scoring.py
2025-07-21 00:19:00,db01,0.75,one_class_svm,ml_pipeline.py
2025-07-21 00:20:00,server03,0.26,one_class_svm,anomaly_detect.py
2025-07-21 00:21:00,server01,0.43,one_class_svm,model_scoring.py
2025-07-21 00:22:00,server03,0.94,one_class_svm,anomaly_detect.py
2025-07-21 00:23:00,server01,0.41,one_class_svm,anomaly_detect.py
2025-07-21 00:24:00,server01,0.89,isolation_forest,ml_pipeline.py
2025-07-21 00:25:00,server02,0.73,isolation_forest,model_scoring.py
2025-07-21 00:26:00,server01,0.72,one_class_svm,anomaly_detect.py
2025-07-21 00:27:00,server04,0.4,autoencoder,anomaly_detect.py
2025-07-21 00:28:00,server03,0.43,one_class_svm,model_scoring.py
2025-07-21 00:29:00,app01,0.87,one_class_svm,ml_pipeline.py
2025-07-21 00:30:00,server01,0.8,autoencoder,model_scoring.py
2025-07-21 00:31:00,db01,0.44,one_class_svm,ml_pipeline.py
2025-07-21 00:32:00,app01,0.55,isolation_forest,anomaly_detect.py
2025-07-21 00:33:00,server01,0.24,isolation_forest,anomaly_detect.py
2025-07-21 00:34:00,server04,0.38,autoencoder,model_scoring.py
2025-07-21 00:35:00,server02,0.52,one_class_svm,ml_pipeline.py
2025-07-21 00:36:00,server01,0.35,autoencoder,anomaly_detect.py
2025-07-21 00:37:00,db01,0.82,autoencoder,model_scoring.py
2025-07-21 00:38:00,server03,0.78,isolation_forest,ml_pipeline.py
2025-07-21 00:39:00,server02,0.49,isolation_forest,anomaly_detect.py
2025-07-21 00:40:00,server04,0.82,autoencoder,model_scoring.py
2025-07-21 00:41:00,db01,0.41,autoencoder,model_scoring.py
2025-07-21 00:42:00,db01,0.7,one_class_svm,anomaly_detect.py
2025-07-21 00:43:00,db01,0.66,autoencoder,ml_pipeline.py
2025-07-21 00:44:00,server02,0.67,autoencoder,ml_pipeline.py
2025-07-21 00:45:00,server02,0.24,one_class_svm,ml_pipeline.py
2025-07-21 00:46:00,server04,0.84,one_class_svm,anomaly_detect.py
2025-07-21 00:47:00,db01,0.94,one_class_svm,anomaly_detect.py
2025-07-21 00:48:00,server01,0.61,autoencoder,ml_pipeline.py
2025-07-21 00:49:00,server02,0.61,autoencoder,anomaly_detect.py
2025-07-21 00:50:00,db01,0.48,one_class_svm,anomaly_detect.py
2025-07-21 00:51:00,server04,0.77,one_class_svm,ml_pipeline.py
2025-07-21 00:52:00,server01,0.53,one_class_svm,model_scoring.py
2025-07-21 00:53:00,db01,0.37,autoencoder,ml_pipeline.py
2025-07-21 00:54:00,db01,0.85,autoencoder,ml_pipeline.py
2025-07-21 00:55:00,server03,0.48,isolation_forest,anomaly_detect.py
2025-07-21 00:56:00,server02,0.38,one_class_svm,anomaly_detect.py
2025-07-21 00:57:00,server04,0.3,one_class_svm,anomaly_detect.py
2025-07-21 00:58:00,app01,0.26,autoencoder,anomaly_detect.py
2025-07-21 00:59:00,server02,0.85,isolation_forest,model_scoring.py
2025-07-21 01:00:00,app01,0.26,isolation_forest,ml_pipeline.py
2025-07-21 01:01:00,server04,0.82,isolation_forest,anomaly_detect.py
2025-07-21 01:02:00,server02,0.88,one_class_svm,ml_pipeline.py
2025-07-21 01:03:00,server01,0.3,isolation_forest,ml_pipeline.py
2025-07-21 01:04:00,server03,0.71,one_class_svm,model_scoring.py
2025-07-21 01:05:00,server01,0.21,autoencoder,ml_pipeline.py
2025-07-21 01:06:00,db01,0.83,autoencoder,anomaly_detect.py
2025-07-21 01:07:00,server02,0.66,one_class_svm,anomaly_detect.py
2025-07-21 01:08:00,server04,0.61,one_class_svm,model_scoring.py
2025-07-21 01:09:00,server04,0.49,isolation_forest,anomaly_detect.py
2025-07-21 01:10:00,app01,0.48,autoencoder,model_scoring.py
2025-07-21 01:11:00,server04,0.63,one_class_svm,ml_pipeline.py
2025-07-21 01:12:00,server01,0.66,autoencoder,anomaly_detect.py
2025-07-21 01:13:00,server03,0.98,one_class_svm,ml_pipeline.py
2025-07-21 01:14:00,app01,0.79,autoencoder,model_scoring.py
2025-07-21 01:15:00,db01,0.83,autoencoder,anomaly_detect.py
2025-07-21 01:16:00,server01,0.37,isolation_forest,model_scoring.py
2025-07-21 01:17:00,server03,0.29,one_class_svm,ml_pipeline.py
2025-07-21 01:18:00,server02,0.32,one_class_svm,anomaly_detect.py
2025-07-21 01:19:00,server01,0.98,autoencoder,model_scoring.py
2025-07-21 01:20:00,db01,0.84,one_class_svm,ml_pipeline.py
2025-07-21 01:21:00,server02,0.41,isolation_forest,model_scoring.py
2025-07-21 01:22:00,server01,0.98,one_class_svm,anomaly_detect.py
2025-07-21 01:23:00,server04,0.47,one_class_svm,model_scoring.py
2025-07-21 01:24:00,server04,0.24,autoencoder,anomaly_detect.py
2025-07-21 01:25:00,server03,0.74,isolation_forest,anomaly_detect.py
2025-07-21 01:26:00,server02,0.46,one_class_svm,model_scoring.py
2025-07-21 01:27:00,server04,0.3,one_class_svm,ml_pipeline.py
2025-07-21 01:28:00,db01,0.9,one_class_svm,anomaly_detect.py
2025-07-21 01:29:00,app01,0.51,isolation_forest,model_scoring.py
2025-07-21 01:30:00,server04,0.57,one_class_svm,ml_pipeline.py
2025-07-21 01:31:00,server01,0.74,isolation_forest,model_scoring.py
2025-07-21 01:32:00,server04,0.74,isolation_forest,ml_pipeline.py
2025-07-21 01:33:00,server03,0.98,isolation_forest,model_scoring.py
2025-07-21 01:34:00,server03,0.27,one_class_svm,ml_pipeline.py
2025-07-21 01:35:00,server01,0.56,one_class_svm,ml_pipeline.py
2025-07-21 01:36:00,server01,0.43,one_class_svm,model_scoring.py
2025-07-21 01:37:00,server04,0.48,autoencoder,ml_pipeline.py
2025-07-21 01:38:00,server04,0.86,isolation_forest,model_scoring.py
2025-07-21 01:39:00,db01,0.32,autoencoder,ml_pipeline.py
2025-07-21 01:40:00,server01,0.39,isolation_forest,ml_pipeline.py
2025-07-21 01:41:00,db01,0.37,isolation_forest,model_scoring.py
2025-07-21 01:42:00,server02,0.78,autoencoder,model_scoring.py
2025-07-21 01:43:00,app01,0.92,autoencoder,ml_pipeline.py
2025-07-21 01:44:00,server04,0.24,autoencoder,model_scoring.py
2025-07-21 01:45:00,db01,0.94,one_class_svm,anomaly_detect.py
2025-07-21 01:46:00,app01,0.74,isolation_forest,anomaly_detect.py
2025-07-21 01:47:00,server04,0.97,autoencoder,anomaly_detect.py
2025-07-21 01:48:00,app01,0.56,autoencoder,model_scoring.py
2025-07-21 01:49:00,server03,0.29,one_class_svm,ml_pipeline.py
2025-07-21 01:50:00,server02,0.9,autoencoder,model_scoring.py
2025-07-21 01:51:00,server02,0.32,isolation_forest,ml_pipeline.py
2025-07-21 01:52:00,server03,0.33,isolation_forest,model_scoring.py
2025-07-21 01:53:00,server01,0.23,autoencoder,model_scoring.py
2025-07-21 01:54:00,app01,0.41,isolation_forest,model_scoring.py
2025-07-21 01:55:00,app01,0.48,isolation_forest,model_scoring.py
2025-07-21 01:56:00,server03,0.56,autoencoder,ml_pipeline.py
2025-07-21 01:57:00,server01,0.56,one_class_svm,anomaly_detect.py
2025-07-21 01:58:00,app01,0.76,isolation_forest,model_scoring.py
2025-07-21 01:59:00,app01,0.42,one_class_svm,ml_pipeline.py
2025-07-21 02:00:00,db01,0.89,isolation_forest,anomaly_detect.py
2025-07-21 02:01:00,db01,0.29,isolation_forest,model_scoring.py
2025-07-21 02:02:00,server04,0.49,one_class_svm,anomaly_detect.py
2025-07-21 02:03:00,db01,0.34,autoencoder,anomaly_detect.py
2025-07-21 02:04:00,db01,0.32,one_class_svm,ml_pipeline.py
2025-07-21 02:05:00,server04,0.35,one_class_svm,ml_pipeline.py
2025-07-21 02:06:00,db01,0.2,autoencoder,anomaly_detect.py
2025-07-21 02:07:00,db01,0.62,isolation_forest,model_scoring.py
2025-07-21 02:08:00,server02,0.3,isolation_forest,anomaly_detect.py
2025-07-21 02:09:00,db01,0.79,one_class_svm,anomaly_detect.py
2025-07-21 02:10:00,server01,0.48,isolation_forest,anomaly_detect.py
2025-07-21 02:11:00,server03,0.38,autoencoder,anomaly_detect.py
2025-07-21 02:12:00,server04,0.88,autoencoder,anomaly_detect.py
2025-07-21 02:13:00,app01,0.5,autoencoder,anomaly_detect.py
2025-07-21 02:14:00,db01,0.39,isolation_forest,model_scoring.py
2025-07-21 02:15:00,server04,0.22,autoencoder,model_scoring.py
2025-07-21 02:16:00,server04,0.73,one_class_svm,model_scoring.py
2025-07-21 02:17:00,server02,0.81,isolation_forest,model_scoring.py
2025-07-21 02:18:00,server02,0.21,isolation_forest,ml_pipeline.py
2025-07-21 02:19:00,app01,0.96,isolation_forest,model_scoring.py
2025-07-21 02:20:00,app01,0.43,autoencoder,ml_pipeline.py
2025-07-21 02:21:00,app01,0.31,isolation_forest,anomaly_detect.py
2025-07-21 02:22:00,server01,0.58,one_class_svm,ml_pipeline.py
2025-07-21 02:23:00,server03,0.8,isolation_forest,model_scoring.py
2025-07-21 02:24:00,db01,0.32,one_class_svm,ml_pipeline.py
2025-07-21 02:25:00,server03,0.41,isolation_forest,model_scoring.py
2025-07-21 02:26:00,server02,0.35,isolation_forest,ml_pipeline.py
2025-07-21 02:27:00,server03,0.67,isolation_forest,model_scoring.py
2025-07-21 02:28:00,db01,0.46,autoencoder,model_scoring.py
2025-07-21 02:29:00,server04,0.27,autoencoder,ml_pipeline.py
2025-07-21 02:30:00,server04,0.29,one_class_svm,anomaly_detect.py
2025-07-21 02:31:00,server04,0.44,one_class_svm,ml_pipeline.py
2025-07-21 02:32:00,server02,0.42,autoencoder,ml_pipeline.py
2025-07-21 02:33:00,db01,0.71,one_class_svm,anomaly_detect.py
2025-07-21 02:34:00,server03,0.35,autoencoder,ml_pipeline.py
2025-07-21 02:35:00,server01,0.87,one_class_svm,anomaly_detect.py
2025-07-21 02:36:00,server02,0.37,isolation_forest,ml_pipeline.py
2025-07-21 02:37:00,db01,0.81,isolation_forest,model_scoring.py
2025-07-21 02:38:00,server01,0.82,isolation_forest,ml_pipeline.py
2025-07-21 02:39:00,server02,0.96,isolation_forest,model_scoring.py
2025-07-21 02:40:00,db01,0.74,isolation_forest,model_scoring.py
2025-07-21 02:41:00,server04,0.3,one_class_svm,model_scoring.py
2025-07-21 02:42:00,server02,0.35,isolation_forest,model_scoring.py
2025-07-21 02:43:00,server02,0.86,one_class_svm,model_scoring.py
2025-07-21 02:44:00,server04,0.91,isolation_forest,ml_pipeline.py
2025-07-21 02:45:00,server03,0.71,one_class_svm,anomaly_detect.py
2025-07-21 02:46:00,db01,0.8,autoencoder,model_scoring.py
2025-07-21 02:47:00,db01,0.75,isolation_forest,model_scoring.py
2025-07-21 02:48:00,server02,0.31,one_class_svm,model_scoring.py
2025-07-21 02:49:00,server03,0.85,one_class_svm,model_scoring.py
2025-07-21 02:50:00,app01,0.3,one_class_svm,anomaly_detect.py
2025-07-21 02:51:00,server03,0.6,one_class_svm,anomaly_detect.py
2025-07-21 02:52:00,app01,0.91,one_class_svm,anomaly_detect.py
2025-07-21 02:53:00,server03,0.62,autoencoder,ml_pipeline.py
2025-07-21 02:54:00,server02,0.43,autoencoder,model_scoring.py
2025-07-21 02:55:00,server02,0.51,one_class_svm,anomaly_detect.py
2025-07-21 02:56:00,db01,0.32,one_class_svm,model_scoring.py
2025-07-21 02:57:00,server04,0.45,autoencoder,ml_pipeline.py
2025-07-21 02:58:00,db01,0.86,isolation_forest,model_scoring.py
2025-07-21 02:59:00,server01,0.85,one_class_svm,model_scoring.py
2025-07-21 03:00:00,server02,0.66,one_class_svm,model_scoring.py
2025-07-21 03:01:00,server04,0.96,isolation_forest,anomaly_detect.py
2025-07-21 03:02:00,db01,0.87,one_class_svm,ml_pipeline.py
2025-07-21 03:03:00,server01,0.81,one_class_svm,anomaly_detect.py
2025-07-21 03:04:00,server04,0.88,autoencoder,ml_pipeline.py
2025-07-21 03:05:00,server01,0.91,isolation_forest,anomaly_detect.py
2025-07-21 03:06:00,server04,0.94,one_class_svm,ml_pipeline.py
2025-07-21 03:07:00,server01,0.95,one_class_svm,ml_pipeline.py
2025-07-21 03:08:00,server01,0.85,isolation_forest,ml_pipeline.py
2025-07-21 03:09:00,server04,0.8,autoencoder,model_scoring.py
2025-07-21 03:10:00,server04,0.52,autoencoder,model_scoring.py
2025-07-21 03:11:00,server02,0.9,isolation_forest,model_scoring.py
2025-07-21 03:12:00,server01,0.45,one_class_svm,anomaly_detect.py
2025-07-21 03:13:00,db01,0.52,one_class_svm,ml_pipeline.py
2025-07-21 03:14:00,server02,0.25,isolation_forest,anomaly_detect.py
2025-07-21 03:15:00,server04,0.25,isolation_forest,model_scoring.py
2025-07-21 03:16:00,app01,0.28,one_class_svm,anomaly_detect.py
2025-07-21 03:17:00,server04,0.93,autoencoder,model_scoring.py
2025-07-21 03:18:00,server02,0.62,one_class_svm,model_scoring.py
2025-07-21 03:19:00,server04,0.42,autoencoder,ml_pipeline.py
2025-07-21 03:20:00,db01,0.31,isolation_forest,anomaly_detect.py
2025-07-21 03:21:00,db01,0.31,isolation_forest,ml_pipeline.py
2025-07-21 03:22:00,app01,0.95,isolation_forest,ml_pipeline.py
2025-07-21 03:23:00,server01,0.27,isolation_forest,ml_pipeline.py
2025-07-21 03:24:00,server02,0.53,isolation_forest,model_scoring.py
2025-07-21 03:25:00,server01,0.34,isolation_forest,model_scoring.py
2025-07-21 03:26:00,server04,0.72,isolation_forest,ml_pipeline.py
2025-07-21 03:27:00,db01,0.67,one_class_svm,anomaly_detect.py
2025-07-21 03:28:00,app01,0.31,autoencoder,ml_pipeline.py
2025-07-21 03:29:00,server04,0.83,isolation_forest,ml_pipeline.py
2025-07-21 03:30:00,db01,0.85,one_class_svm,model_scoring.py
2025-07-21 03:31:00,app01,0.72,autoencoder,ml_pipeline.py
2025-07-21 03:32:00,server03,0.28,one_class_svm,ml_pipeline.py
2025-07-21 03:33:00,server02,0.8,autoencoder,anomaly_detect.py
2025-07-21 03:34:00,app01,0.77,isolation_forest,ml_pipeline.py
2025-07-21 03:35:00,server02,0.44,autoencoder,ml_pipeline.py
2025-07-21 03:36:00,app01,0.63,isolation_forest,anomaly_detect.py
2025-07-21 03:37:00,app01,0.58,autoencoder,model_scoring.py
2025-07-21 03:38:00,db01,0.55,one_class_svm,model_scoring.py
2025-07-21 03:39:00,app01,0.24,one_class_svm,ml_pipeline.py
2025-07-21 03:40:00,server03,0.55,autoencoder,ml_pipeline.py
2025-07-21 03:41:00,server02,0.33,isolation_forest,model_scoring.py
2025-07-21 03:42:00,app01,0.84,one_class_svm,ml_pipeline.py
2025-07-21 03:43:00,server02,0.34,autoencoder,ml_pipeline.py
2025-07-21 03:44:00,db01,0.37,one_class_svm,anomaly_detect.py
2025-07-21 03:45:00,db01,0.56,one_class_svm,anomaly_detect.py
2025-07-21 03:46:00,server02,0.82,isolation_forest,anomaly_detect.py
2025-07-21 03:47:00,db01,0.3,one_class_svm,ml_pipeline.py
2025-07-21 03:48:00,server03,0.92,autoencoder,ml_pipeline.py
2025-07-21 03:49:00,db01,0.59,isolation_forest,model_scoring.py
2025-07-21 03:50:00,server01,0.45,one_class_svm,anomaly_detect.py
2025-07-21 03:51:00,server03,0.48,autoencoder,model_scoring.py
2025-07-21 03:52:00,app01,0.29,one_class_svm,model_scoring.py
2025-07-21 03:53:00,server03,0.52,isolation_forest,anomaly_detect.py
2025-07-21 03:54:00,server02,0.51,autoencoder,ml_pipeline.py
2025-07-21 03:55:00,db01,0.91,isolation_forest,ml_pipeline.py
2025-07-21 03:56:00,app01,0.47,autoencoder,anomaly_detect.py
2025-07-21 03:57:00,app01,0.78,one_class_svm,anomaly_detect.py
2025-07-21 03:58:00,db01,0.33,one_class_svm,anomaly_detect.py
2025-07-21 03:59:00,server04,0.44,one_class_svm,ml_pipeline.py
2025-07-21 04:00:00,server04,0.92,autoencoder,ml_pipeline.py
2025-07-21 04:01:00,server03,0.84,autoencoder,model_scoring.py
2025-07-21 04:02:00,app01,0.82,autoencoder,ml_pipeline.py
2025-07-21 04:03:00,app01,0.51,one_class_svm,model_scoring.py
2025-07-21 04:04:00,app01,0.42,autoencoder,anomaly_detect.py
2025-07-21 04:05:00,server03,0.6,autoencoder,ml_pipeline.py
2025-07-21 04:06:00,db01,0.82,one_class_svm,model_scoring.py
2025-07-21 04:07:00,server03,0.64,isolation_forest,model_scoring.py
2025-07-21 04:08:00,server02,0.52,isolation_forest,model_scoring.py
2025-07-21 04:09:00,app01,0.64,isolation_forest,ml_pipeline.py
2025-07-21 04:10:00,db01,0.34,autoencoder,anomaly_detect.py
2025-07-21 04:11:00,server03,0.81,isolation_forest,ml_pipeline.py
2025-07-21 04:12:00,db01,0.41,isolation_forest,model_scoring.py
2025-07-21 04:13:00,server04,0.77,one_class_svm,anomaly_detect.py
2025-07-21 04:14:00,app01,0.55,one_class_svm,model_scoring.py
2025-07-21 04:15:00,server01,0.9,autoencoder,anomaly_detect.py
2025-07-21 04:16:00,db01,0.54,autoencoder,anomaly_detect.py
2025-07-21 04:17:00,server03,0.81,one_class_svm,ml_pipeline.py
2025-07-21 04:18:00,server01,0.27,isolation_forest,ml_pipeline.py
2025-07-21 04:19:00,server03,0.97,isolation_forest,ml_pipeline.py
2025-07-21 04:20:00,server03,0.82,one_class_svm,model_scoring.py
2025-07-21 04:21:00,server04,0.3,isolation_forest,anomaly_detect.py
2025-07-21 04:22:00,server02,0.84,isolation_forest,anomaly_detect.py
2025-07-21 04:23:00,server04,0.77,isolation_forest,model_scoring.py
2025-07-21 04:24:00,app01,0.29,isolation_forest,ml_pipeline.py
2025-07-21 04:25:00,server04,0.77,autoencoder,model_scoring.py
2025-07-21 04:26:00,server04,0.22,autoencoder,model_scoring.py
2025-07-21 04:27:00,server01,0.67,isolation_forest,anomaly_detect.py
2025-07-21 04:28:00,server01,0.63,one_class_svm,ml_pipeline.py
2025-07-21 04:29:00,db01,0.96,autoencoder,anomaly_detect.py
2025-07-21 04:30:00,server04,0.37,isolation_forest,model_scoring.py
2025-07-21 04:31:00,app01,0.23,autoencoder,anomaly_detect.py
2025-07-21 04:32:00,app01,0.21,autoencoder,anomaly_detect.py
2025-07-21 04:33:00,server02,0.3,one_class_svm,anomaly_detect.py
2025-07-21 04:34:00,db01,0.77,autoencoder,model_scoring.py
2025-07-21 04:35:00,app01,0.71,one_class_svm,ml_pipeline.py
2025-07-21 04:36:00,server03,0.6,isolation_forest,model_scoring.py
2025-07-21 04:37:00,server03,0.6,autoencoder,anomaly_detect.py
2025-07-21 04:38:00,db01,0.95,isolation_forest,model_scoring.py
2025-07-21 04:39:00,db01,0.84,isolation_forest,anomaly_detect.py
2025-07-21 04:40:00,server01,0.48,autoencoder,ml_pipeline.py
2025-07-21 04:41:00,db01,0.31,one_class_svm,anomaly_detect.py
2025-07-21 04:42:00,server04,0.48,one_class_svm,anomaly_detect.py
2025-07-21 04:43:00,server03,0.3,isolation_forest,anomaly_detect.py
2025-07-21 04:44:00,db01,0.41,autoencoder,ml_pipeline.py
2025-07-21 04:45:00,server02,0.96,one_class_svm,ml_pipeline.py
2025-07-21 04:46:00,app01,0.57,isolation_forest,anomaly_detect.py
2025-07-21 04:47:00,server03,0.84,one_class_svm,anomaly_detect.py
2025-07-21 04:48:00,db01,0.61,autoencoder,ml_pipeline.py
2025-07-21 04:49:00,app01,0.52,isolation_forest,anomaly_detect.py
2025-07-21 04:50:00,app01,0.37,autoencoder,model_scoring.py
2025-07-21 04:51:00,db01,0.75,one_class_svm,ml_pipeline.py
2025-07-21 04:52:00,server03,0.59,one_class_svm,ml_pipeline.py
2025-07-21 04:53:00,app01,0.22,one_class_svm,ml_pipeline.py
2025-07-21 04:54:00,server04,0.57,isolation_forest,ml_pipeline.py
2025-07-21 04:55:00,server04,0.37,autoencoder,model_scoring.py
2025-07-21 04:56:00,server01,0.72,one_class_svm,anomaly_detect.py
2025-07-21 04:57:00,server03,0.52,autoencoder,ml_pipeline.py
2025-07-21 04:58:00,server02,0.51,isolation_forest,model_scoring.py
2025-07-21 04:59:00,server02,0.22,one_class_svm,anomaly_detect.py
2025-07-21 05:00:00,app01,0.43,autoencoder,model_scoring.py
2025-07-21 05:01:00,server01,0.22,autoencoder,ml_pipeline.py
2025-07-21 05:02:00,db01,0.96,isolation_forest,ml_pipeline.py
2025-07-21 05:03:00,server01,0.6,one_class_svm,ml_pipeline.py
2025-07-21 05:04:00,db01,0.65,autoencoder,anomaly_detect.py
2025-07-21 05:05:00,server01,0.36,autoencoder,ml_pipeline.py
2025-07-21 05:06:00,server02,0.21,autoencoder,model_scoring.py
2025-07-21 05:07:00,server03,0.78,one_class_svm,model_scoring.py
2025-07-21 05:08:00,app01,0.87,autoencoder,anomaly_detect.py
2025-07-21 05:09:00,server03,0.75,isolation_forest,model_scoring.py
2025-07-21 05:10:00,server02,0.41,isolation_forest,ml_pipeline.py
2025-07-21 05:11:00,server03,0.67,isolation_forest,ml_pipeline.py
2025-07-21 05:12:00,server01,0.34,autoencoder,anomaly_detect.py
2025-07-21 05:13:00,server02,0.86,autoencoder,anomaly_detect.py
2025-07-21 05:14:00,app01,0.72,one_class_svm,ml_pipeline.py
2025-07-21 05:15:00,db01,0.76,isolation_forest,model_scoring.py
2025-07-21 05:16:00,server04,0.9,autoencoder,ml_pipeline.py
2025-07-21 05:17:00,server01,0.77,autoencoder,model_scoring.py
2025-07-21 05:18:00,server04,0.2,isolation_forest,model_scoring.py
2025-07-21 05:19:00,server01,0.7,autoencoder,model_scoring.py
2025-07-21 05:20:00,server04,0.21,one_class_svm,anomaly_detect.py
2025-07-21 05:21:00,server01,0.43,autoencoder,model_scoring.py
2025-07-21 05:22:00,server01,0.28,isolation_forest,anomaly_detect.py
2025-07-21 05:23:00,server04,0.45,autoencoder,anomaly_detect.py
2025-07-21 05:24:00,app01,0.96,one_class_svm,model_scoring.py
2025-07-21 05:25:00,app01,0.79,isolation_forest,model_scoring.py
2025-07-21 05:26:00,server01,0.87,isolation_forest,ml_pipeline.py
2025-07-21 05:27:00,db01,0.94,isolation_forest,anomaly_detect.py
2025-07-21 05:28:00,db01,0.86,isolation_forest,ml_pipeline.py
2025-07-21 05:29:00,server01,0.69,isolation_forest,anomaly_detect.py
2025-07-21 05:30:00,server04,0.25,autoencoder,model_scoring.py
2025-07-21 05:31:00,server01,0.69,isolation_forest,model_scoring.py
2025-07-21 05:32:00,server04,0.56,one_class_svm,ml_pipeline.py
2025-07-21 05:33:00,server02,0.85,isolation_forest,model_scoring.py
2025-07-21 05:34:00,server02,0.36,isolation_forest,ml_pipeline.py
2025-07-21 05:35:00,server01,0.41,one_class_svm,anomaly_detect.py
2025-07-21 05:36:00,server03,0.63,autoencoder,model_scoring.py
2025-07-21 05:37:00,server03,0.75,one_class_svm,anomaly_detect.py
2025-07-21 05:38:00,server02,0.58,one_class_svm,anomaly_detect.py
2025-07-21 05:39:00,server04,0.24,autoencoder,model_scoring.py
2025-07-21 05:40:00,server04,0.76,isolation_forest,ml_pipeline.py
2025-07-21 05:41:00,server03,0.48,isolation_forest,ml_pipeline.py
2025-07-21 05:42:00,server02,0.89,one_class_svm,anomaly_detect.py
2025-07-21 05:43:00,server01,0.86,isolation_forest,anomaly_detect.py
2025-07-21 05:44:00,server03,0.27,autoencoder,ml_pipeline.py
2025-07-21 05:45:00,db01,0.48,one_class_svm,anomaly_detect.py
2025-07-21 05:46:00,server03,0.87,one_class_svm,ml_pipeline.py
2025-07-21 05:47:00,app01,0.33,one_class_svm,anomaly_detect.py
2025-07-21 05:48:00,app01,0.49,autoencoder,model_scoring.py
2025-07-21 05:49:00,server02,0.97,isolation_forest,ml_pipeline.py
2025-07-21 05:50:00,server02,0.98,isolation_forest,ml_pipeline.py
2025-07-21 05:51:00,server01,0.26,isolation_forest,ml_pipeline.py
2025-07-21 05:52:00,server01,0.41,autoencoder,anomaly_detect.py
2025-07-21 05:53:00,app01,0.99,one_class_svm,model_scoring.py
2025-07-21 05:54:00,server02,0.98,one_class_svm,ml_pipeline.py
2025-07-21 05:55:00,server02,0.66,autoencoder,anomaly_detect.py
2025-07-21 05:56:00,server02,0.48,isolation_forest,anomaly_detect.py
2025-07-21 05:57:00,db01,0.93,one_class_svm,anomaly_detect.py
2025-07-21 05:58:00,server02,0.91,one_class_svm,anomaly_detect.py
2025-07-21 05:59:00,server02,0.54,autoencoder,ml_pipeline.py
2025-07-21 06:00:00,app01,0.81,autoencoder,anomaly_detect.py
2025-07-21 06:01:00,server01,0.81,one_class_svm,ml_pipeline.py
2025-07-21 06:02:00,server04,0.24,isolation_forest,model_scoring.py
2025-07-21 06:03:00,server02,0.78,isolation_forest,anomaly_detect.py
2025-07-21 06:04:00,server01,0.51,isolation_forest,anomaly_detect.py
2025-07-21 06:05:00,server04,0.24,autoencoder,ml_pipeline.py
2025-07-21 06:06:00,server01,0.23,one_class_svm,model_scoring.py
2025-07-21 06:07:00,server02,0.84,one_class_svm,anomaly_detect.py
2025-07-21 06:08:00,server04,0.49,autoencoder,anomaly_detect.py
2025-07-21 06:09:00,server04,0.95,one_class_svm,ml_pipeline.py
2025-07-21 06:10:00,server03,0.23,autoencoder,ml_pipeline.py
2025-07-21 06:11:00,db01,0.23,isolation_forest,model_scoring.py
2025-07-21 06:12:00,db01,0.31,isolation_forest,model_scoring.py
2025-07-21 06:13:00,server01,0.59,one_class_svm,ml_pipeline.py
2025-07-21 06:14:00,server01,0.69,isolation_forest,anomaly_detect.py
2025-07-21 06:15:00,app01,0.25,autoencoder,ml_pipeline.py
2025-07-21 06:16:00,server02,0.2,one_class_svm,anomaly_detect.py
2025-07-21 06:17:00,app01,0.25,autoencoder,ml_pipeline.py
2025-07-21 06:18:00,server04,0.45,autoencoder,ml_pipeline.py
2025-07-21 06:19:00,server01,0.31,isolation_forest,ml_pipeline.py
2025-07-21 06:20:00,app01,0.54,one_class_svm,model_scoring.py
2025-07-21 06:21:00,server02,0.78,autoencoder,model_scoring.py
2025-07-21 06:22:00,server03,0.75,one_class_svm,anomaly_detect.py
2025-07-21 06:23:00,app01,0.93,autoencoder,ml_pipeline.py
2025-07-21 06:24:00,server03,0.41,autoencoder,ml_pipeline.py
2025-07-21 06:25:00,server04,0.66,autoencoder,anomaly_detect.py
2025-07-21 06:26:00,server02,0.28,one_class_svm,model_scoring.py
2025-07-21 06:27:00,app01,0.85,one_class_svm,anomaly_detect.py
2025-07-21 06:28:00,db01,0.36,isolation_forest,ml_pipeline.py
2025-07-21 06:29:00,server01,0.9,autoencoder,ml_pipeline.py
2025-07-21 06:30:00,db01,0.73,autoencoder,model_scoring.py
2025-07-21 06:31:00,server04,0.44,one_class_svm,model_scoring.py
2025-07-21 06:32:00,server04,0.65,isolation_forest,anomaly_detect.py
2025-07-21 06:33:00,db01,0.28,autoencoder,model_scoring.py
2025-07-21 06:34:00,server02,0.42,one_class_svm,ml_pipeline.py
2025-07-21 06:35:00,app01,0.75,isolation_forest,ml_pipeline.py
2025-07-21 06:36:00,server01,0.57,autoencoder,ml_pipeline.py
2025-07-21 06:37:00,server01,0.67,one_class_svm,anomaly_detect.py
2025-07-21 06:38:00,server04,0.25,autoencoder,anomaly_detect.py
2025-07-21 06:39:00,server02,0.74,one_class_svm,anomaly_detect.py
2025-07-21 06:40:00,server01,0.42,one_class_svm,ml_pipeline.py
2025-07-21 06:41:00,server03,0.75,isolation_forest,ml_pipeline.py
2025-07-21 06:42:00,app01,0.57,autoencoder,model_scoring.py
2025-07-21 06:43:00,app01,0.28,autoencoder,anomaly_detect.py
2025-07-21 06:44:00,server02,0.51,autoencoder,model_scoring.py
2025-07-21 06:45:00,app01,0.65,one_class_svm,model_scoring.py
2025-07-21 06:46:00,server03,0.97,autoencoder,model_scoring.py
2025-07-21 06:47:00,server02,0.46,isolation_forest,model_scoring.py
2025-07-21 06:48:00,db01,0.46,autoencoder,model_scoring.py
2025-07-21 06:49:00,server04,0.56,isolation_forest,model_scoring.py
2025-07-21 06:50:00,server02,0.83,isolation_forest,anomaly_detect.py
2025-07-21 06:51:00,db01,0.96,isolation_forest,ml_pipeline.py
2025-07-21 06:52:00,server02,0.32,autoencoder,model_scoring.py
2025-07-21 06:53:00,server03,0.49,autoencoder,ml_pipeline.py
2025-07-21 06:54:00,server01,0.72,isolation_forest,model_scoring.py
2025-07-21 06:55:00,server01,0.5,one_class_svm,model_scoring.py
2025-07-21 06:56:00,server04,0.45,autoencoder,anomaly_detect.py
2025-07-21 06:57:00,server04,0.35,isolation_forest,anomaly_detect.py
2025-07-21 06:58:00,server02,0.55,one_class_svm,model_scoring.py
2025-07-21 06:59:00,app01,0.25,autoencoder,ml_pipeline.py
2025-07-21 07:00:00,db01,0.54,autoencoder,ml_pipeline.py
2025-07-21 07:01:00,db01,0.33,autoencoder,anomaly_detect.py
2025-07-21 07:02:00,server02,0.45,isolation_forest,model_scoring.py
2025-07-21 07:03:00,server03,0.28,isolation_forest,ml_pipeline.py
2025-07-21 07:04:00,server02,0.53,isolation_forest,model_scoring.py
2025-07-21 07:05:00,db01,0.39,autoencoder,anomaly_detect.py
2025-07-21 07:06:00,db01,0.5,one_class_svm,ml_pipeline.py
2025-07-21 07:07:00,app01,0.24,one_class_svm,anomaly_detect.py
2025-07-21 07:08:00,db01,0.81,isolation_forest,model_scoring.py
2025-07-21 07:09:00,db01,0.6,autoencoder,ml_pipeline.py
2025-07-21 07:10:00,server01,0.51,one_class_svm,ml_pipeline.py
2025-07-21 07:11:00,server03,0.56,one_class_svm,model_scoring.py
2025-07-21 07:12:00,app01,0.39,autoencoder,anomaly_detect.py
2025-07-21 07:13:00,server04,0.42,autoencoder,ml_pipeline.py
2025-07-21 07:14:00,server03,0.99,autoencoder,anomaly_detect.py
2025-07-21 07:15:00,app01,0.57,isolation_forest,ml_pipeline.py
2025-07-21 07:16:00,server02,0.61,autoencoder,anomaly_detect.py
2025-07-21 07:17:00,server01,0.91,one_class_svm,anomaly_detect.py
2025-07-21 07:18:00,app01,0.61,one_class_svm,model_scoring.py
2025-07-21 07:19:00,server04,0.75,autoencoder,anomaly_detect.py
